text	user_id	news_id	cluster
He is GHWBushes Cousine and also part of the dark side of Hollywood	939004379062984705	politifact15429	1
Like we care about your opinion. The life choices you've made doesn't endear confidence in your ability to PROBLEM solve or think clearly beyond your boxes (Yes, boxes!)	789626171822641153	politifact15429	2
Donnie will find out from Hannity tonight.	861291478911508480	politifact15401	0
Melania Trump is the first first lady to undergo such a serious medical procedure while in the White House since Nancy Reagan had a mastectomy in October 1987	18939358	politifact15401	1
Obvious irony given Trump organization regularly rails against claim that US govt giving free medical care to immigrants.	433810987	politifact15401	0
but it's not fun. (speaking from experience.)	905218254	politifact15401	2
What type of surgery and the associated disease?  Aren't we entitled to more information?	22988764	politifact15401	0
Here's the White House statement on FLOTUS's procedure	18939358	politifact15401	2
Melania Trump is expected to remain hospitalized for several days, and her husband remained in the White House during the procedure	18939358	politifact15401	2
Who will be monitoring her successful bullying campaign??	22804041	politifact15401	0
....oh my, however will the children of America survive while she is in hospital???	2880384455	politifact15401	0
BeBest	20665235	politifact15401	2
"Sounds like she had a Lithotripsy(sp?) (ie. using sonic vibration to blast kidney stones apart).Hardly a  ""Serious condition"""	905218254	politifact15401	0
'Lithotripsy' could be Lithography's, Lithograph's, Lithographs, Deathtrap's, Deathtraps or Littoral's.	38113411	politifact15401	0
I'm referring to a medical procedure, not art work or deathtraps. Lol	905218254	politifact15401	0
"""Trump remained at the White House during her surgery."" 
What kind of husband does not go to the hospital with his wife?"	357948884	politifact15401	2
"Really?
They definitely have a for show marriage. And it's not even a good one."	357948884	politifact15401	2
The same guy who, according to his first wife, beat and raped her because his recent hair transplant procedure was causing him grief (she had to redact the story because it violated their divorce agreement).	787141837286875137	politifact15401	0
Everyone gives Melania grief for staying married but as a person who suffered emotional spousal abuse I see it in her.	357948884	politifact15401	2
I feel for her	357948884	politifact15401	1
Is it from some disease Trump gave her after one of his escapades?	15823471	politifact15401	2
Hepatitis?	14606523	politifact15401	0
"Waiting for the CNN chyron blaming this on pulling out of the Iran deal

#CNNCredibilityCrisis"	2730969312	politifact15401	2
Not looking forward to the outpouring of hate from the Left.	2370421626	politifact15401	2
Left here, wishing her well. Hope she recovers quickly.	116099326	politifact15401	2
Woah!	175584371	politifact15401	2
OK... good to see that the first lady is recovering, from a successful surgery.  Whew.	175584371	politifact15401	0
Hmmmmm...	965779909892345856	politifact15401	0
Be Best.	21585124	politifact15401	0
We have an idiot...	884928200735825920	politifact15401	0
Kidney tumor embolization is a standard preoperative procedure for therapy.   Preoperative embolization has a goal to reduce intraoperative bleeding and also to shorten the time of surgery.  So is this the first procedure before removal of the tumor?	1354539542	politifact15401	0
In a statement, doctors said they were hopeful that they could remove the entire 239 pound tumor.	2627515864	politifact15401	2
Who cares?	27065736	politifact15401	2
Sending prayers and healing light!	42703989	politifact15401	2
Billionaire to receive government-funded medical treatment	92087576	politifact15401	0
TRUMP IS A LYING PIG	884928200735825920	politifact15401	1
PIG PEN.	884928200735825920	politifact15401	0
Hopefully she gets the same treatment as the other vets are getting there	259850798	politifact15401	2
Be Best!	21585124	politifact15401	2
"#BeBest
Thoughts and prayers"	719243145263869952	politifact15401	2
Trump is the first US first lady to undergo such a serious medical procedure while in the White House since Nancy Reagan had a mastectomy in October 1987	13850422	politifact15401	1
BOOM	823528762117537792	politifact15401	1
Jesus hope it all goes well.	2369728667	politifact15401	0
under his eye	618192880	politifact15401	1
I don't blame her. Anything to get out of the White House for a few days.	443412612	politifact15401	2
Get well soon!	806329352933752832	politifact15401	2
Having to watch my mother go through kidney surgery, I wish the best for the First Lady, and that she recovers quickly.	774448309838581760	politifact15401	2
Is this why her husband spent Mother's Day with her?  Did they go to church, since they are such fine upstanding Christians?  Oh that's right- they are the opposite of Christians, and he spent the day on the golf course.  Without his kid, of course.	825844261601976320	politifact15401	2
And Trump was at the WH stuffing his fat face with cheeseburgers, fries, pizza, KFC and WHO knows what else.	286680780	politifact15401	2
I hope your recovery is speedy Mrs Trump!	28703474	politifact15401	2
Thoughts and prayers. Wish you were married to someone else so their would be joy, happiness and peace in ur life.	249843693	politifact15401	2
We wish her a speedy and complete recovery.	489320147	politifact15401	0
Wishing the First Lady a speedy recovery.  	2829000901	politifact15401	0
Wish her well.  Her health transcends politics	750159345606950913	politifact15401	0
Our thoughts and prayers go out to First Lady Melania Trump, Senator John McCain, and their staff and families.	62423890	politifact15401	0
Wishing Mrs. Trump a speedy recovery. May she heal quickly.	816680242723098624	politifact15401	0
May be Botts. Just ignore these comment's. I learned from the daily attacks due to my support for Hilary.  Regardless of Donald Trump I would not attack his family.	838541077732855808	politifact15401	0
Get well soon Melania!	2290739526	politifact15401	2
Next she is going to visit her attorney to have the ugly wart removed from her side.	532636554	politifact15401	0
Praying for a good outcome and full recovery.	614061319	politifact15401	0
Be Rest.	812569	politifact15401	0
Pretty drastic measure to get a break from her husband	2908338711	politifact15401	1
Get well Melania	137490686	politifact15401	1
I thought government run health care was terrible?	805520319800688640	politifact15401	2
Be Best soon.	4384739914	politifact15401	2
Gonna guess dipshit won't be bedside with her, especially after not even mentioning her in his Mother's Day video yesterday.	34291736	politifact15401	2
CNN will have a special report on the type of shoes Melania was wearing to the hospital.	491272386	politifact15401	0
If it was benign why wait until after the surgery to tell the public	30721206	politifact15401	2
Everybody should pray for her	444609317	politifact15401	1
#PrayForMelania	170460968	politifact15401	2
Best Warmest wishes, hope she recovers very veery soon :) <3 We are all sending warm thoughts :) <3	915483798015537152	politifact15401	2
Her husband was not present...	760594856230215680	politifact15401	0
You people make me sick to my stomach your not even a news media anymore your nothing but a bunch of historical wastes of TV time.	826161960513318916	politifact15401	0
Probably a Face lift!	434969717	politifact15401	1
She must have good insurance.	276499712	politifact15401	2
So maybe it's just me but with Trump saying he's the healthiest man ever to live, what if it's him in the hospital? An outpatient procedure one week in the hospital. Trump didn't go to Israel to get all the praise? Unveil his plaque, just sayin	46431733	politifact15401	0
#Processing	936878499532488704	politifact15401	1
She probably wants to stay in the hospital to not be around dumpster!	868913240557973505	politifact15401	2
I hope & pray that she recovers quickly and that all goes well.  I am not a Trump supporter, but I believe the First Lady does her very best in a very difficult situation.	798861470293487616	politifact15401	0
Wishing her the best and a fast recovery.	887718292714115073	politifact15401	0
Praying for healing blessings to the First Lady!!!!	25800620	politifact15401	0
No one seems to consider that her disappearance from the limelight coincides with the escalation of recent events. Iran Deal, US Embassy move, China's ZTE that broke sanctions the US had against Iran and N. Korea, Russia, Stormy, Cohen, etc. etc. etc...	928223484	politifact15401	0
Get well soon	1271169792	politifact15401	2
I hope u have a fast recovery, FL Melania.	1370819100	politifact15401	0
Sounds serious. Hope she recovers well.	821016767203901440	politifact15401	0
I pray she gets well very soon.	234894998	politifact15401	2
I wish you fast recovery and good health. Good luck.	986709880970018816	politifact15401	0
Hope u get well soon our prays with u I think u r wonderful women wrong husband	3409365351	politifact15401	0
"The ""tolerant"" left spewing venom in the comment section. Color me shocked."	831100454629208064	politifact15401	2
Did she have OBAMA CARE? 	880550524621291520	politifact15401	0
Get well quickly, Melania.	2462413114	politifact15401	0
ITS GOOD SHE HAS GOOD HEALTH CARE THAT TRAITOR TRUMP WANTS TO TAKE AWAY FROM MILLIONS OF PEOPLE.!!	2379518203	politifact15401	0
Naturally Trump was too busy to be there for the surgery. A real inspiration and a example of a good husband. What a douche.	949351444142084096	politifact15401	2
Get well soon Mrs. Trump	59542482	politifact15401	0
Have a speedy recovery!	964621360835129344	politifact15401	0
Meanwhile Trump leaves her alone on mothers day ; the day of her surgery. What a jewel!	567552431	politifact15401	0
Get well soon!	744229423801602049	politifact15401	2
If you don't have anything nice to say, don't say anything at all. Some people need to learn that. I can't stand trump or his administration but I wish her a speedy recovery.	1711087094	politifact15401	0
And the buffoon golfs	861691182	politifact15401	2
Interventional Radiologist here, Melania Trump most likely had embolization of an AML (angiomyolipoma) which is prone to bleeding if it gets large enough.  Fibroids are in the uterus almost exclusively and cysts would not be embolized.	24073763	politifact15401	2
Get well soon!	19085676	politifact15401	2
What would you rather do?	918673637925732352	politifact15401	0
May her recovery be a complete and swift one.	32494050	politifact15401	0
Another foreigner receiving free medical care. Build the wall. Close off the country.	3399612315	politifact15401	0
That's a long time	2317372791	politifact15401	1
Get some rest Melania. Best Wishes for a speedy recovery.	1325223194	politifact15401	0
She'll be alright. She gets free healthcare, unlike the general public.	3288098659	politifact15401	0
WTF Trump isn't even there with her? Man thats fucking cold.	2362915794	politifact15401	0
I wish Melania Trump good health & a quick recovery, while simultaneously being unable to adequately describe my detestation of her twisted, evil husband who has just had 50 people murdered in Gaza.	995201907357446145	politifact15401	0
That is not good news for her.  I hope she will be O.K.	179747809	politifact15401	2
I wish her a speedy recovery.	33591052	politifact15401	2
Wish her a speedy recovery!	16117929	politifact15401	2
So is her husband there by her side 	16315009	politifact15401	2
Shit backed up huh?	780178945014571008	politifact15401	0
Wishing FLOTUS a speedy recovery.	352112068	politifact15401	0
He caused her that	3438067744	politifact15401	1
Hope it goes well for her. She has enough to deal with & Baron needs her. Speedy & complete recovery!	928015137923043329	politifact15401	0
If she had the procedure they announced, kidney embolization, it is not actually categorized as a surgery and is more often than not done on an outpatient basis unless there are complications. Most patients go home same day or day after.	874827085285642240	politifact15401	2
Wish her well...will her husband visit her?	843652852060950528	politifact15401	0
Maybe they will give her some anti-depressants to take home with her.	2987578792	politifact15401	2
God bless	820321037984350208	politifact15401	1
I wish her well. She is beautiful inside and out.	459492442	politifact15401	0
Hypothetically is there a possibility that maybe she went in for a tummy tuck or something and is saying it's her kidneys we could be paying for her lift just a thought	798088023829159937	politifact15401	1
Which lucky nurse got to do her domestic violence screen?	153124576	politifact15401	2
Face lift instead, the other is a lie! Runs in the Trumps family!	434969717	politifact15401	0
Get well soon.	425003470	politifact15401	0
Prayers to a beautiful lady	76250701	politifact15401	2
My prayers are with you Mrs. Trump. Stay strong, we are with you!	37081785	politifact15401	0
The truth lies within Melania. Her body is proof! Poison causes kidney malfunction!	832808308595515393	politifact15401	0
Wonder if they are keeping her there for a few extra days to check for a broken heart......	48664161	politifact15401	0
I apologize for my inconsiderate tweet about Mel's health. It was ugly and i am embarassed to have made such a remark about another human being, much more, another sister! Godspeed, Melania!	832808308595515393	politifact15401	0
Praying for The First Lady and Baron.	823928190456463360	politifact15401	0
Or as she calls it - vacation	1298759245	politifact15401	2
I'm like who cares?I sure as hell don't.Send her back to Slovenia	1141834766	politifact15401	2
DO NOT CARE. We are probably paying for THIS IMMIGRANTS HEALTHCARE	23529994	politifact15401	0
Not surprised	38700230	politifact15401	1
The stress from her husband is the prime reason for her health issues.	3331938913	politifact15401	2
Get well beautiful	2317606894	politifact15401	2
Our prayers are with you Melania	983700435486769152	politifact15401	1
Prayers Up	989572137554935808	politifact15401	2
Sending Prayers	866387850710876160	politifact15401	2
She must be glad to have good healthcare	825602062985547776	politifact15401	1
Get Well Soon	2772078362	politifact15401	2
Wish the golddigger well. She is still the most sympathetic of the Trumps. Most likely due to genes.	881720056731848704	politifact15401	0
Get well soon, our country needs you!!!	879417926637441024	politifact15401	0
And, no husband...	469161155	politifact15401	0
WITCH!	984698448745136131	politifact15401	2
SHE LOOKS LIKE A DEMON!	984698448745136131	politifact15401	1
Yr husband is a demon , I pray u, get well soon.	801043967030726660	politifact15401	0
Get well soon, PRAYING AND PRAYERS TO YOU, GOD BLESS MELANIA	833481408886693890	politifact15401	2
The jokes about immigrants and their access to healthcare will write themselves today.	17849424	politifact15401	0
You are a very strong woman and will be back very soon. My prayers are with you.	113472824	politifact15401	0
Suctioning a bit of cosmetically unappealing fat from around the kidney zone..	27583082	politifact15401	2
I get gratification in knowing your next 6 years will be miserable, cuck.	4294284857	politifact15401	0
Completely inappropriate.  Are you this heartless in your daily life?	752999983872376832	politifact15401	2
Thats fresh. Its a surgery. Wish her well.	21983078	politifact15401	0
Sick	756510757831970816	politifact15401	1
My God does he weigh that much? That all those McDonald's cheeseburgers	59542482	politifact15401	2
If this were Michelle Obama,  Would your comment be the same?	815689849571151872	politifact15401	0
Michelle didn't ingest Botox for decades. So NO!	864552020136656897	politifact15401	0
You can't compare an angel to the devil .	1339854948	politifact15401	2
No, because Obama was in really good shape, and they had a REAL Loving marriage. the trumps do not even touch each other, have no real affection, much less love. Melania sold herself to a rich dirty old man. PERIOD.	243459994	politifact15401	0
How can anybody say anything negative about Michelle	743262323339468801	politifact15401	1
Of course not!  Don't even compare this illegal alien to our lovely real First Lady.  OMG!	901993965607567360	politifact15401	2
No in that case it would be a 180 pound of loveliness she would want to keep around forever.	785609157021872129	politifact15401	2
How can you even compare them? Michele Obama had a real, respectful, loving husband.	31336207	politifact15401	0
No, but I bet your comment would be much much worse.	32519088	politifact15401	2
Zap!!! Lol  jerk wads	935857616374435845	politifact15401	2
Truth	965576357978693632	politifact15401	1
Which shows that everyone has a side. Right and left these days. We can't just come together and wish a human being a good recovery	793260312401219584	politifact15401	2
Sick burn	958172393914040322	politifact15401	1
Amen to that	1897868017	politifact15401	2
You mean like the one on your face or your micro penis? 	18852713	politifact15401	2
"""340 pound"" micropenis"	909440311763578880	politifact15401	2
Reports that her family is at the WH. What kind of ppl are not with their loved ones at the hospital? Very odd family dynamics.	279038942	politifact15401	2
Helloooooo	48664161	politifact15401	2
Beyond belief.	235786671	politifact15401	0
No one's business but theirs.	756510757831970816	politifact15401	2
The kind of people that require a massive security detail and logistics planning whenever they leave the White House.	821320459300044800	politifact15401	2
But her son + her parents? I agree I wouldn't want him near me especially if I was trying to heal + get well.	279038942	politifact15401	2
Yeah let's shove the most heavily secured family in the world into a car and bring them to a hospital to disrupt the entire building where people's lives are on the line. You can't just bring the president places, you have to prepare the location and bring the motorcade	826716752314785792	politifact15401	2
lol   I can totally see that. no one would want to wake up and look at that face, probably have a total relapse.	984979108902948865	politifact15401	2
Lmaoooo I'm dead	3281613043	politifact15401	2
Especially CNN they have a way of distorting the truth like nobody else	984979108902948865	politifact15401	1
What about her parents + son. The thought of her being alone is very sad. They are all cold nasty animals. PS I didn't single out Trump you did.	279038942	politifact15401	2
Cold nasty animals?  Really?  That sounds more like what you have trapped on your back. Great pic. LOL	3225287206	politifact15401	0
Come on girl ! You are so concern  for Melania that she is not getting the care & love she needs ? Is that what you want us to believe?  You must think,you are so smart .  LOL	2188436323	politifact15401	0
There is no love in the Trump family except for The Special Love Between Ivanka And Daddy	823334719022632961	politifact15401	2
Oh please. You people define disgusting. GFY	831151545383256064	politifact15401	0
"""you people""?"	1323401149	politifact15401	2
The left is really showing their misogynistic colors. Projecting misogyny, racism, fascism, etc... is failing!	958499531271925760	politifact15401	0
Make China Great Again. It's the new magat slogan.	831151545383256064	politifact15401	0
Shari, you rock!	824453205400686594	politifact15401	2
You only have to read WRGA's nasty comments about dead children, the McCain remark, choking black teenagers to understand he embodies right-wing ethos right down to the hypocrisy.	707699580	politifact15401	0
Lol wow you sumed up.the demoncrats very well.	961748472948019200	politifact15401	0
Nice to know Trump spent the day before her surgery playing golf	40444923	politifact15401	0
Hey. He gave her an hour.  (Probably more than she wanted)	48664161	politifact15401	2
Then tweeted she's doing great!	832808308595515393	politifact15401	2
Bigots. Self absorbed bigotry.	887263798251458560	politifact15401	0
Pathetic	756510757831970816	politifact15401	1
I agree. I would hate being screamed at the day before I checked into the hospital.	2243331002	politifact15401	1
Mind your own business troll	18852713	politifact15401	2
Wow	832807736207409152	politifact15401	1
If this were Michelle Obama,  Would your comment be the same?	815689849571151872	politifact15401	0
He's probably got a new fixer setting up a sleep over	32657538	politifact15401	1
It's an emergency surgery fuck head	961748472948019200	politifact15401	1
Be Best	40444923	politifact15401	2
And what would you have considered appropriate?	1924753776	politifact15401	2
being there for his wife maybe ? i dont know just a thought. #commondecency	971821103860600832	politifact15401	2
Being with his wife.	927964577421254658	politifact15401	0
Not playing golf	40895734	politifact15401	0
And being by her side.	778260944598237186	politifact15401	0
Haaaaaahahaha	3268699777	politifact15401	0
lol 	346057696	politifact15401	1
"You feel bad for my wife?  You must by passing judgment on this  based on all your intimate knowledge of my situation. 

All that was asked was what that person would have considered an appropriate action. 

Typical..."	1924753776	politifact15401	0
IDK, actually spending time with someone he supposedly cares about before she undergoes a procedure she could die from and, even if all goes well, is going to have her cooped up in the hospital for a few days?  Kind of the bare minimum.	832317751800705024	politifact15401	2
I bet it was one of her happiest Mother's Day.  See? Even a piece of crap can occasionally treat its spouse well by just leaving him/her alone.	2243331002	politifact15401	2
Hahaha you are so clever and witty!	17451428	politifact15401	0
Keep him away from her IV.	2243331002	politifact15401	0
Lucky for her she has taxpayer funded Healthcare, unlike the rest of us.	785289018757873664	politifact15401	2
They don't need your money.	756510757831970816	politifact15401	2
You can thank the Democrats for that. They made sure to exempt themselves from Obama Care. You know, because its so great.	899369102472429568	politifact15401	0
well you could have had free health care but you all freaked out , because you cant think for yourselves  and believe the bullshit of the media.	2476715912	politifact15401	0
"She had thee best medical insurance LONG before becoming FLOTUS & she would NOT have given it up to get ""taxpayer funded Healthcare"", they r treated there because it's a SECURE site. BTW, she IS of the top 1% who pays nearly 50% of ALL taxes..fool!"	714937441816326146	politifact15401	0
 yeah sure	785289018757873664	politifact15401	1
Umm YEAH, FACT u uninformed lib.. WTH is wrong with u people.. you know nothing!	714937441816326146	politifact15401	2
Your a sad person	760114803033509889	politifact15401	2
Trump is your hero. He is capable of anything for money.  Freddie Jr. was the apple of his dads eye. Don screwed his family. Like he is screwing America.	874457221014466562	politifact15401	0
Actually Stanley I am not a sad person. The sad people are those that believe in the big orange lie	785289018757873664	politifact15401	0
Feel free to copy! 	786681805659340800	politifact15401	2
Sorry for the grammatical error I was under the impression people made them on Twitter	760114803033509889	politifact15401	1
"you're (or as you'd say: your) right! because many americans have any right to be sad, because they HAVEN'T tax funded healthcare. 
VERY well done! you have reached the required standard. or should i say ""standard""?"	346057696	politifact15401	0
I have job funded healthcare. Where my employer pays a portion and I pay a portion. Maybe they should try the job thing out	857081568	politifact15401	0
Facts Brandy, Obama is not a terrorist.  Try looking up the amount of $$ spent on the Trumps vacations, travel, golf.  They are charging the American people for it all, the amount will surpass in 4 years what was spent on Obama in 8.	785289018757873664	politifact15401	2
"Facts, Itza, Trump has travelled to properties that he personally owns, thereby greatly cutting the expenses incurred. Obama had a complete disregard to American taxpayers when it came to how much he vacationed. 

Opinion... Obama is not only a terrorist, he's a racist terrorist."	509720973	politifact15401	0
If this were Michelle Obama,  Would your comment be the same?	815689849571151872	politifact15401	0
If history is anything to go by, she will believe she's entitled to it.	88374824	politifact15401	2
Embolism procedures are usually a 24 Hour stay.  Hope she recovers well	889993689925287936	politifact15401	0
medical care her husband & the GOP congress work so hard to remove from the average American.	714431836357804032	politifact15401	0
Why I hope she realizes it.	19085357	politifact15401	2
 The Trumps don't need health care when they can pay out of pocket  . Anyways she's our 1st lady so she deserves the best care possible regardless!	747997444080689152	politifact15401	0
Insurance companies controlthe number of days patients are allowed to be an inpatient.  My husbands bypass surgery? 3 Days.  Then no home care at home.	889993689925287936	politifact15401	0
Just a simple procedure to increase her urine stream as Donald demanded.	2334282788	politifact15401	2
This is funny, and I really am disgusted with myself for laughing, but then there is the McCain abuse by DT.	3201025997	politifact15401	0
 that's exactly what I was thinking	3296914364	politifact15401	1
OMG thats so inappropriate. I LOVE IT!	2362915794	politifact15401	0
Thanks to you, I got to experience what its like to vomit while laughing.	829542087473311748	politifact15401	0
#EPIC	3231186464	politifact15401	1
omg!!!!!!!!!!!!!!!!!!!!!!!!!!!!!	379929035	politifact15401	2
Yes God help u	940611198139105280	politifact15401	2
me too! This was bad ... 	2493054141	politifact15401	0
On the bulletin board in the Urology Dept: #PeeBest	822215871972208642	politifact15401	0
awww, poor thing.....so triggered.......	2334282788	politifact15401	0
"poor triggered snowflake

grow a thicker skin Trumpkin....after the last 8 years you better get comfortable, we're just getting started"	2334282788	politifact15401	0
They are so delicate.	27701815	politifact15401	0
I think you want to shake more than his hand!	18852713	politifact15401	1
uh oh, someone's triggered 	2334282788	politifact15401	1
You are sick!	2188436323	politifact15401	2
get a life	2334282788	politifact15401	2
Because he could not care less.for her.	26028634	politifact15401	2
Pobre mujer.	1042676112	politifact15401	0
Lucia , go wash dishes	743262323339468801	politifact15401	0
She most likely did not want him there.  She has been living with her parents in Maryland for the most part. Having Trump around would just make the hospital experience worse.  There is no love there.	46635383	politifact15401	2
"Good point.
She would appreciate his absence while recuperating."	26028634	politifact15401	2
Maybe he was out trying to BE BEST!	934850497265090560	politifact15401	1
Le vale madre.	858322909718249474	politifact15401	2
Menos que madre.	26028634	politifact15401	0
"Wish her well...Watch on YouTube any of the David Cay Johnston author of ""The Making of Donald Trump"" talks or interviews, Johnston a Pulitzer prize winner investigative reporter, calls #Trump the most successful criminal in U.S. history."	843319285720137728	politifact15401	0
Melania is a victim of domestic abuse, even if she denies it from her husband, she is rated/graded on Trumps actions and tweets and all that. I would buy 10 of her books after being First Lady!	832808308595515393	politifact15401	2
I concur... Hope this presidency is his last scam.	3101579572	politifact15401	0
You have zero proof of what you're writing but the whole world knows who Trump is and not giving him a pass. 	3101579572	politifact15401	0
You need to look up on You Tube Bill Maher bit comparing the Trump WH with the MOB funny but so true.	843319285720137728	politifact15401	2
I had to share it.	965576357978693632	politifact15401	0
Anything u agree with is so true. Get a minimum wage job. Will it be ur first? Genius	743262323339468801	politifact15401	2
Really I surely Trump the most successful Criminal, I think  the Clinton family got him beat hands down maybe Trump will take some lessons, just to make the Liberals and Democrats happy Jesus Christ all mighty, gives a liberal some common sense.	823683057278337024	politifact15401	0
Always talking about liberals and Democrats, and the Clintons.   There has my ever been a more ignorant, corrupt, ill-informed, narcissistic person to occupy the Oval office ever.   But u can't handle that truth, so deflect.	918203364046864384	politifact15401	0
Is this English or a really bad translation from Russian?	786681805659340800	politifact15401	0
I hope Trump isn't trying to poison her. He has gotten away with everything. I wouldn't put it above him to try to trade up during his presidency.	90544356	politifact15401	2
Sick	756510757831970816	politifact15401	1
If this were Michelle Obama,  Would your comment be the same?	815689849571151872	politifact15401	0
Bot	785849244229963776	politifact15401	1
If it was Michelle Obama Barrack would cancel Christmas to be with her. If Melania had cancer Trump would of pulled a Newt Gingriech!	90544356	politifact15401	2
I'm sorry, but your tweet didn't translate to English. Try again bot.	3366152343	politifact15401	2
If Michelle went into the hospital on Dec. 24th, Barack would cancel Christmas to be with her.	704284586843500544	politifact15401	2
So true	935857616374435845	politifact15401	1
Ok but she could take back the birtherism tv spots.	803700222186684416	politifact15401	2
Agree,if it was he in the hospital instead of her,my prayers wouldn't b for him,but someone that truly deserves them.	342893331	politifact15401	2
No one does.  He's toxic to all whom he contacts in person.	867834921766842370	politifact15401	2
"These comments are so pitiful, yet so predictable. 

The sad thing is this: We've come to EXPECT liberals to act like feral animals. Anything different is a surprise."	899774316316962816	politifact15401	0
This comment would have really hit home if the white house had shown any sympathy to Senator McCain. A Republican candidate, battling cancer.	827220080547225600	politifact15401	2
And they've come to expect that conservatives excuse adultery on the daily basis and they don't seem to apologize joking about a man with cancer....you know its true	1936745762	politifact15401	0
Jog on.	53876198	politifact15401	0
Thoughts and prayers for your hurt feelings Hustle.	379004081	politifact15401	2
It just kinda makes you look bad, ya know?	899774316316962816	politifact15401	0
Really?	924992444533526528	politifact15401	2
Funny that you attribute a stupid WH staffer comment to a whole group of people. Quite different from the comment section on this thread.	930439500806983682	politifact15401	0
Jesus people what is wrong with some of you. I hope it's nothing serious and she has a speedy recovery.	355728751	politifact15401	0
Me too. She is fine. Trump is the a hole	785609157021872129	politifact15401	2
Like mc Cain?	26832383	politifact15401	2
What do you expect from CNN lovers?	756510757831970816	politifact15401	2
According to medicine, a renal embolization for a benign condition is nothing serious. According to the WH, it's nothing serious. Do you believe the WH?	820147408457830400	politifact15401	0
she is hospitalized like thousands of other Americans every day with less resources,  much less,  and top notch care.  We can laugh at her,  she will be fine.  Remember she holds some of the same views as her husband's.	934850497265090560	politifact15401	0
Are you an actual person ?	355728751	politifact15401	2
In the flesh!   why do you ask?	934850497265090560	politifact15401	2
Indeed	253647516	politifact15401	1
"these are your viewers. CNN..Makes you proud right
.Bunch of hipocrites"	737403978	politifact15401	0
Have u read comments under any Fox News report?	2906437913	politifact15401	0
"It's ""hypocrites""...there I fixed it for you."	2953244289	politifact15401	2
What are you, the kettle or the pot?	3101579572	politifact15401	0
I think the pot.	967211030093926401	politifact15401	2
All on the taxpayers dime. WINNING!	286839943	politifact15401	0
"They do plastic surgery at Walter Reed?? Yeah right this is ""kidney"" surgery. It's lipo walking around looking like Micheal time trumpkins. Y'all footing this bill."	44714333	politifact15401	0
All These trumpkin Russian installed bots have been reported to the police. I always win.	44714333	politifact15401	0
Just what I was thinking. A week? Minor surgery?	987105606510235651	politifact15401	0
All that craft beer you are drinking is eating away your brain....STOP	1933857830	politifact15401	0
"Fingers crossed that the surgeons ""be best""."	259436531	politifact15401	2
Why are we talking about the way a person looks?? That's what's wrong with the world today.	826170668903493634	politifact15401	2
True. I'm shocked, she's so young. I think this is why she's always serious and doesn't smiles. What happened there? 	3101579572	politifact15401	0
No hun that's too much botox.	26832383	politifact15401	2
She isn't that young. She's 48.	88374824	politifact15401	0
Tumor on kidney.	818050469734088705	politifact15401	0
Yeah she is so young. No idea what happened. We Just have to cross fingers for her...	39232248	politifact15401	0
Botox	823334719022632961	politifact15401	2
Botox going wrong?	3101579572	politifact15401	0
Who's here just to read the comments? 	3101579572	politifact15401	2
Me too	3219814748	politifact15401	1
"He probably did not want to cause a security nightmare at the hospital...
So yeah, that was pretty nice of him."	821320459300044800	politifact15401	2
But I thought he never works?..	21381332	politifact15401	0
Remaining in the White House and working in the White House are two totally different things.	63454290	politifact15401	2
Which I'm sure you know with first hand information. Haha	21381332	politifact15401	0
Why was her husband NOT by her side!! WTF kind of marriage is that! NO CLASS OR EMPATHY!!	55867524	politifact15401	2
The man's got cheeseburgers to eat, tweets to send & TV to watch. He's a very busy man	940731926712905728	politifact15401	0
I truly wish Melania would heal rapidly and leave the real tumor of our society.	3201025997	politifact15401	2
Embolization with planned recovery for the remainder of the week in the hospital.	57708120	politifact15401	0
"Some basic info about embolization in lay terms:
(note that most people only plan to stay overnight)"	57708120	politifact15401	0
Living with P. Trump can be bad for your organs.	992107028985319425	politifact15401	0
Especially her reproductive ones. Can u spell STD?	940731926712905728	politifact15401	2
Does she have coverage?	25541803	politifact15401	2
Yes and so do I	935889709435408385	politifact15401	2
Hilarious to see the same libtards who were slamming the McCain gaffe the other day, now wishing death upon our First Lady. Hypocrisy!	930439500806983682	politifact15401	0
No one wished her death. Grow up.	736997380940259330	politifact15401	0
Oh goody. Great time to indulge a porn star or model.	763499697122189312	politifact15401	0
I was thinking the same thing. I feel bad about it but it was in a private meeting.	1965182156	politifact15401	2
Most people who have surgery go home the very next day!  I wonder if there may be more to the story that we are not being made privy too?	2243886992	politifact15401	2
Yes, she has excellent insurance and can afford to stay and recover properly.  Anyone else would be thrown out the next day! That said, I wish her well.	4035280701	politifact15401	0
It could be the ducts that feed the enzymes to make the stomach acid. They produced in the kidneys. Or it could be a simple lithotripsy (kidney stones)	3313530159	politifact15401	0
Praying for her speedy recovery mentally & physically.	886258860633280513	politifact15401	0
She has something else going on. My insurance wouldn't allow me to stay in the hospital for more than 2 to 3 days. I suspect the other days are a mental health break.	886258860633280513	politifact15401	2
It could be true, if it is, I wish her well. Can't help but think it may be more plastic surgery of some kind. A House of Lies can't expect all to believe, that is not a left thing, it is a true, honest, fact. Some may have to look up the definition of 3 those words.	211132138	politifact15401	0
I'm thinking it's a breakdown.	30505028	politifact15401	2
Interesting.	18080307	politifact15401	0
i think americans should have the same health insurance as she has.	802858010460753921	politifact15401	0
She's the 1st lady, she deserves the best. Anyways they could pay for it out of pocket if they wanted.	747997444080689152	politifact15401	2
They said nothing to apologize to the family of John McCain. God works in mysterious ways.	969239911864791040	politifact15401	0
God would not inflict pain on her. I'm sure being married to Satan himself is enough.	30505028	politifact15401	2
Bet she has great health insurance with no co-pays	4237663930	politifact15401	2
How does she get to use a military hospital? I do wish her well.	3201025997	politifact15401	2
Such hateful responses. It shows the type of people you are.   Wishing flotus a speedy recovery	1040472829	politifact15401	0
"And this white house administration are "" very nice PEOPLE "" "	3101579572	politifact15401	0
Yes they are	1040472829	politifact15401	1
Mainstream media was reporting that she had left the White House to live with her parents.  Time to apologize.	2478381612	politifact15401	0
"Poor Donald! He must be simply devastated, that his wife, who he adores is in hospital! He must be frantic, sitting at her bedside, comforting her, as only a truly loving husband can do!

No, only kidding, I bet Donald doesn't even bother writing her an invisible card!"	782959125076414464	politifact15401	0
If this were Michelle Obama,  Would your comment be the same?	815689849571151872	politifact15401	0
"No, if it were Obama & Michele, we both KNOW he would be at her bedside!

The difference, is that Trump thinks HE is the most important person in any relationship, who else would be sleeping with multiple women, after his wife had just given birth to his son! #BOT #PissOff"	782959125076414464	politifact15401	0
Get well soon	1115904920	politifact15401	2
Sad about all the negative comments. Must be American.?  We have problems as well but keep them to ourselves.	923552665744953350	politifact15401	0
Ugly.	18080307	politifact15401	0
Trump won't visit her in the hospital.  Unless the visit can be turned into a huge photo-op.	938507235826782208	politifact15401	2
WAIT... SHE'S allowed to remain in the hospital UNTIL THE END OF THE WEEK????? WTF??? I've had more difficult kidney proceedures, been in the ICU and the MAX number of days was 2. She needs to have the common man's insurance. 	111077399	politifact15401	0
She may be paying out of pocket to be able to stay away from the Kleptocrat...	733867566	politifact15401	0
Please get well soon.  America loves you	89818376	politifact15401	0
"Thank her lucky stars that she married the ""dotard,"" and has good healthcare coverage."	3165245613	politifact15401	2
I wish a fast recovery to Mrs Trump. I will not comment on politics and make any disparaging against her.	311632838	politifact15401	0
You don't do that procedure for kidney stones. I looked up the procedure, is pretty serious. They just aren't telling the diagnosis at all	477474628	politifact15401	2
Now if we made a cruel comment about Melania we would be wrong!!!  I can't stoop to their level, but I really don't care, sorry!!!	758025345408925696	politifact15401	0
Standing next to the orange Pustule is pure toxic poisoning 	265665561	politifact15401	1
May she recover nicely, thats the best i can do.	788089056118841345	politifact15401	0
Trump uses her kidney to golf with. Ok not funny, but not surprising either.	978021401729777665	politifact15401	0
Poor Melania. You can only digest so much bullshit before your kidneys act up.	195698847	politifact15401	2
Sending thoughts & prayers for a quick recovery!!	2997430055	politifact15401	2
who cares?	306512683	politifact15401	2
Its actually a vaginal rejuvenation that trump is making her get.	933145401942859776	politifact15401	2
Trump:	966740329041772544	politifact15401	2
"So?*

 *Sarcasm"	19889832	politifact15401	2
Let's not kid ourselves on this, these people lie so much it could be plastic surgery for all we know.	2905444113	politifact15401	0
I was thinking the exact same thing.	1228127138	politifact15401	1
Hope it wasn't stemming from an STD because she's married to a disgusting POS philanderer	3124050003	politifact15401	2
That is uncalled for. Really. I doubt she's had sex with him for a decade	477474628	politifact15401	2
Your man stressing you out?	38204386	politifact15401	2
He's stressing the whole world out! 	477474628	politifact15401	2
Melania deserves kindness, respect and well wishes. So many cruel comments. How many of you have divorced a spouse because you're acting like she's a disliked X. We need more love to stop the hatred and wars and upheaval. Can we be kinder? #love begets love Create a loving life	477474628	politifact15401	2
God bless her	2611786073	politifact15401	1
And so like Trump to stay at the White House	2944933053	politifact15401	0
http://www.fongbeefze.com/ 	725618975124668416	politifact15401	0
Well Melania was able to get away from him for a couple of days, Good for her.	382370203	politifact15401	2
While the slovenian 3rd wife of donny get 1st class health care, millions of chicken woke up in this country without food or healthcare.	702589669	politifact15401	0
Yeah, where is this cheap health care that Fuckface said would happen!	803810059490709504	politifact15401	0
probably to get a pee refill. Sorry couldn't resist this one 	243287687	politifact15401	2
"Has anyone told the ""don""? Does Baron live near either one of them?"	770449626	politifact15401	2
Baron is a forgotten soul!	803810059490709504	politifact15401	1
wish her a speedy recovery	238668583	politifact15401	2
Glad everything turned out well.	192547183	politifact15401	0
#thoughtsandprayers hard living good life under #dicktator trump	2967290419	politifact15401	2
Praying for a speedy recovery, complete healing, and safe trip home 	2859668566	politifact15401	2
And it didn't take long for the Trump HATERS to say something.	3393778120	politifact15401	2
.Amazing how fast her getting into surgery was. #Vets can't even get treatment for #cancer that quickly & they have a #LifeThreatening illness. Proves how MONEY gets you preferential treatment!	2792575986	politifact15401	0
Prayers for Melania 	3246885733	politifact15401	1
God bless our First Lady with a speedy and full recovery 	200188892	politifact15401	2
I pray that she'll recover well. I've got kidney disease and it's not fun. God bless her.	31665561	politifact15401	2
I hope you pass away. Helping that monster in White House while lying to kids about bullying programs. Disgusting.	854862153328852993	politifact15401	0
I'm gonna need some sort of proof of life on this one...we all know she knows too much.	18961822	politifact15401	2
Must Be Nice To Have Health Care That's Paid For!	815871284	politifact15401	2
I hope she recovers completely and quickly.	557862834	politifact15401	2
Boo hoo	404450625	politifact15401	0
We know it wasn't brain surgery ...	827294985385033732	politifact15401	0
That's a LONG time to be hospitalized.	1193376632	politifact15401	2
Yes I know. He's horrible.	15368940	politifact15401	2
Yeah, could care less. Died bitch, like all the others your hubby is trying to kill. #CHIPS #Eldery #ObamaCare	3997474157	politifact15401	1
You'd think he'd make a visit, wouldn't you? Stay with her?	15368940	politifact15401	2
Where is our gift? Inside our heart. What is our purpose? To open it and start giving our gift away.	1246618968	politifact15401	2
Praying for our #FLOTUS!	741334289376116736	politifact15401	1
Yea and who is paying for that	866583605660721152	politifact15401	1
Probably not obamacare!!	249930889	politifact15401	0
Who gives a flying f*ck?	825752081160105987	politifact15401	1
I hope she can recover quickly.	124868958	politifact15401	2
Harry Reid had Tumor removed from Pancreas. Caught early. Prognosis: Good	498167911	politifact15401	0
An Undocumented Illegal Immagrant goes to Walter Reed for treatment. Damn, is this available for the DACA STUDENTS?	3102583561	politifact15401	2
Best wishes and prays from our family to you Melania. A speedy recovery and best of health to you. Relax and take care of yourself.	805441182880956416	politifact15401	0
#prayforflotus	389831604	politifact15401	1
Prayers for a fast recovery...	88496089	politifact15401	0
... and treatment at Walter Reed was for battered wife syndrome, o' no, a kidney problem	832320152616235009	politifact15401	2
It's nice to see free healthcare for illegal immigrants.	92783808	politifact15401	0
she never complains or stands against his inhumane attitude so why save her from what she enjoys?Kelly Sadler shld make comments on her too since is acceptable in this White House to make jokes with ailments	887945245744300032	politifact15401	0
Now all she has to worry is removing that other cancerous thing she's married to....	950070368395382789	politifact15401	0
Wishing you the fastest, safest, and most speediest recovery Mrs. Trump!	3001629027	politifact15401	0
Will be in my prayers	4591212675	politifact15401	1
Dearest Melania: praying for a very speedy recovery! I know your are receiving the very best of care and from the best Medical Staff in the world!  Get plenty of rest; drink plenty of water, and hurry back! The White House and our Nation is NOT the same without you-God blessings!	885960937	politifact15401	0
Pills and alcohol are not good for the kidneys as well as liver , Trump is killing his wife	943455843403657217	politifact15401	0
you're out of the business poser :)	101096284	politifact15401	2
an ABORTION	808314708763832321	politifact15401	1
And still had the time to meet 3 freed American hostages at 3 am just days ago?  She's Batwoman!  	2831985279	politifact15401	2
Thank God	803406919222366211	politifact15401	1
Prayers for the First Lady!	759095103445082112	politifact15401	2
She probably didn't want him there. I would imagine he makes her want to vomit.	198357693	politifact15401	2
Did she try to poison herself?	362880587	politifact15401	2
I rather have my parents there, then him, wouldn't you?	1899387469	politifact15401	2
She probably didn't want him there.	41109486	politifact15401	1
Pretty Sad that he couldn't take the time away from his busy golf schedule to be there, but, I'm sure he will wave to her from his golf cart	2192724056	politifact15401	2
i'm surprised he didn't go golfing	15715669	politifact15401	1
Per Melania's request...	829859948502929409	politifact15401	0
"Wow. When my wife undergoes even a minor surgery I'm there for her. It doesn't matter what else is going on - my wife and kids come before everything and lets face it - the only thing he's doing at the WH is watching TV during ""executive"" time. His priorities are messed up."	351162534	politifact15401	2
yeah, saw that too.   OTOH, she may be more comfortable without him around...	2851359505	politifact15401	0
Who cares she deserves everything that he does to her.	22077710	politifact15401	2
Melania probably insisted that he stay away.	24174591	politifact15401	2
He is disgusting.	220983367	politifact15401	0
Odds he had her poisoned (since she's not getting jiggy- which is all he cares about)?	786027155566301184	politifact15401	2
A narcissist is incapable of empathy, even for his third wife.	765954175037472773	politifact15401	0
Not in contract....	1135657093	politifact15401	0
She is relishing not having to be in the same building with him. Free Melania!!	3368749113	politifact15401	0
I second that.	235786671	politifact15401	2
Dotard: BeGone	59513330	politifact15401	1
Someone needs to be there to yell at the TV.	18155527	politifact15401	2
He just continues to suck in every way.	2165755296	politifact15401	2
poison??	3902218894	politifact15401	0
She's no longer without scaring, time for a new mail order porn star.	16744359	politifact15401	2
Guess we know now how to keep him at work.	4892627313	politifact15401	0
Super husband among other things.	4746484757	politifact15401	0
That's okay. I bet her Tiffany's security guard boyfriend was there.	786921500142145537	politifact15401	2
"Easy on him Red. There was probably something really good on TV.
#NotMyPresident #NeverMyPresident"	821332856626679809	politifact15401	0
Fox and Friends isn't going to watch itself!	110763904	politifact15401	0
"I'm assuming ""benign kidney surgery"" is the code for cosmetic procedure. Either way, I hope she has a fast recovery and I wish her be best."	365484487	politifact15401	2
What a shitty thing to say.	2802578326	politifact15401	2
If they prove me wrong, happy to apologize. Considering how vain the family is, the fact he wasn't at the hospital for support (even w/ an open schedule), and that you have to take so many statements from the WH with a grain of salt, IMO she's having something elective done.	365484487	politifact15401	2
I am sending the First Lady, Melanie, my best wishes on her health.	819797278751764480	politifact15401	2
First Lady, Hope All Goes Well, Get Well Soon	785487486952681472	politifact15401	0
"And guess where the jackwad ""husband"" of hers was all weekend? Golf course in Sterling, VA."	35759674	politifact15401	0
With Trump being a , I do not wish her ill will.	880821355767312385	politifact15401	2
As Dalai Lama notes, qualities like compassion, understanding, kindness, empathy not only cost us nothing, but reward US immensely. Even in this life. There will hopefully be a time in the near future where MAGA deprogrammers will be needed to undo their death cult brainwashing.	904787246175272961	politifact15401	0
Prayers for FLOTUS for speedy recovery. 	3278624900	politifact15401	0
She has a really good health insurance plan for now..	109492841	politifact15401	0
Too bad she cant have the 300 lb. tumor that keeps following her around removed	966337953105510400	politifact15401	0
Too mean?  who cares, her Kidney is dying anyway.  #Melania #BeBest	835526448173756416	politifact15401	2
All the best to her for a speedy recovery.	4079118263	politifact15401	1
So fucking what	17115086	politifact15401	1
My guess... rally!	25503160	politifact15401	0
Staying home and sucking up all the adulation for him coming from Israel  was more important than his wife.	2504634312	politifact15401	2
I just want to know who's watching Barron, since Don certainly isn't going to suddenly start acting like a caring father in her absence.	15447907	politifact15401	2
Melanias parents.	25503160	politifact15401	2
He hates her now so I'm not surprised. This is a totally sham marriage.	360076475	politifact15401	2
I think she hates him. They hate each other, but no Evangelical Christians will ever believe that!	25503160	politifact15401	0
Be well!	267849749	politifact15401	0
Well wishes for a speedy recovery Melania. You're a good person. Wish you had the right person by your side	730198625792327681	politifact15401	0
How did they commit the biggest massacre in decades? Killing terrorist is not a massacre, more like a act of kindness to the world. They were terrorist.	728286360159817729	politifact15401	0
Looks like all went well. Thank God. 	831883432439447555	politifact15401	0
We pray for complete restoration and healing	459377073	politifact15401	0
Has Melania been seen yet?	2301942524	politifact15401	2
I understand Agolf Twitler let her out to donate a kidney to replace the one that failed because of his dependency on Propecia.	983150033368375296	politifact15401	2
I reckon Trump will find this a real inconvenience. I hope he will let her recuperate before subjecting her to his carnal desires.	25724817	politifact15401	2
I dont give a rats ass. Why should I care about about some super wealthy gold digger who husband just took healthcare away from children? I just dont care what happens to them.	367670522	politifact15401	0
Revolt , resist , raise a fist , but don't hate . Hate will eat you up , and spit you out. HATE doesn't make you any better than those other guys. Anger should be focused on ways to vote them out of office.	983150033368375296	politifact15401	2
Seedy?	3278954568	politifact15401	0
Lol!	369249722	politifact15401	2
Believe this was back in May of this year. And we are so grateful our First Lady had a speedy recovery.	720998401081532416	politifact15401	0
Prayers	889539974231715842	politifact15401	1
No distinction between invasive and minimally invasive especially when done radial	1976301170	politifact15401	0
for Our Beautiful FLOTUS!	991753896484786176	politifact15401	1
Prayers for a speedy recovery	827902567376097281	politifact15401	2
Best wishes and speedy recovery to the First Lady!	275557738	politifact15401	2
Best wishes for a speedy recovery!	706811676	politifact15401	2
I know that feeling been thru it..	266463800	politifact15401	0
Praying	1300474987	politifact15401	1
The LORD has perfectly done it for you Amen.	951404634253479937	politifact15401	0
Hope you are getting better and not in pain Mrs trump	947436522696929280	politifact15401	0
I am bored...i think I should shave my legs today.	990651819301986304	politifact15401	0
Disgusting that dems are saying this is Karma for making fun of Hillary's back brace.	200989078	politifact15401	2
I'm too busy praying for #JohnMcCain	60505699	politifact15401	1
I hope it's not more serious then they are admitting. It would be so horrible if she turned out to be severely sick.	89004892	politifact15401	2
We send prayers of healing an quite recovery feel better many blessings	913810145192398849	politifact15401	2
!	994223976707747840	politifact15401	2
Best wishes to #FLOTUS	2279856378	politifact15401	0
Melania we are praying for a speedy recovery & that you will be back home soon.	881984021554712577	politifact15401	0
Praying	993562091838672897	politifact15401	1
Praying	814887353428901888	politifact15401	1
Prayers for healing	3554067859	politifact15401	0
Prayers	297707887	politifact15401	1
Oh no. :-( 	785309649931214848	politifact15401	2
Prayers for our wonderful FLOTUS 	64932923	politifact15401	1
Prayers	420026228	politifact15401	1
Am here praying 	953394745681809409	politifact15401	2
DEAR first lady Melania Trump you are a gem and as GOD would have it HIS FAVOR was the light in Donald J TRUMP'S eye you had his attention and admiration WE LOVE you too!	195235432	politifact15401	0
I have no doubt he reminded his queen their lives were in danger by the liberals OUT there watch her eyes	195235432	politifact15401	1
Her eye DIRECTION darts quickly out twice	195235432	politifact15401	1
And This???	2585366864	politifact15401	2
Maybe she doesn't agree	195235432	politifact15401	1
She don't feel lovey dovey	195235432	politifact15401	1
Shut up! She had some plastic surgery to add to her collection	32754729	politifact15401	1
In case u ever aren't sure Mrs.Trump, this is from the bottom of my heart. I feel sure I speak 4 millions of Americans on this . Get well soon. Always there for U.	1219894782	politifact15401	0
Praying for you  receive your healing in Jesus name Amen.	951404634253479937	politifact15401	0
Someone has to. It won't be her husband	457206212	politifact15401	2
Energetically speaking, kidney issues represent holding in, well, being 'pissed off'. I cannot imagine being married to that asshole and chronic philanderer/liar and not be fucking pissed off.	1959430596	politifact15401	2
"I'm no Melania fan, not by a long shot, but it pisses me off that The Great Orange Menace doesn't make ANY effort..kidney surgery is no joke, would have cost him nothing to be a teensy bit kind
Gonna console myself w/the thought she told him to fck off, she didn't want him there"	741359482580635648	politifact15401	2
#FakeNews Melania actually had a Donaldectomy	719586401713434625	politifact15401	1
Kidney surgery or cosmetic surgery?	4365352396	politifact15401	0
Unfortunately who can believe anything that comes out of the WH.	823577726070194177	politifact15401	2
It'd BE BEST if he weren't there	34106968	politifact15401	1
Wrong-o. He is on his way to visit Melania (via AP news). Put down that koolaid and find out real news. Do you blindly believe everything on twitter? Find out and think for yourselves.	15136857	politifact15401	0
Bug off. No one asked for your snotty hate filled opinion.	3311799854	politifact15401	2
BTW, Edan Clay is one of my followers for a long time and I like and respect him, we don't agree and can have tiffs but he is open for discussion and very nice--just wrong on this.	15136857	politifact15401	0
How is giving you an AP news correction a hate-filled opinion? Oh, I hit a nerve.	15136857	politifact15401	2
It was the tone of your message. Read it again. You were very snotty	3311799854	politifact15401	0
"But he went after ""work""..... I would never let my husband have surgery while I was at work then go see him later. Most people who love their spouse wouldn't either. If you can golf every weekend then you can take a few hours out to sit bed side."	1140728275	politifact15401	2
Ok you're right, he's a bad man. Or...you just don't know and could think the worst if you want to.	15136857	politifact15401	0
??? How could you possibly see it any other way? Would you let your significant other have aurgery alone while you watched Fox news and tweeted or would you be there?	1140728275	politifact15401	2
I swear things get worse every day with him as our dictator	3311799854	politifact15401	1
Surgications!!! Great idea!	3311799854	politifact15401	2
I can't help but think it's something she caught from him.	2667724504	politifact15401	2
Me too. Kidneys would be HepC I think. Let's not start rumors though LOLOL. Good knows there are plenty of those going around	3311799854	politifact15401	0
Shush, no leaks! 	2667724504	politifact15401	0
I think she'd rather see a dark shadowy figure in a cloak, carrying a scythe, standing at the foot of her bed rather than her husband.	28554386	politifact15401	2
Totally; not that she wants to see the Grim Reaper, but if you have to choose than, yeah...	793902637733146624	politifact15401	0
Ohhhh, good one LOLOL	3311799854	politifact15401	1
I'd rather wake up and see Harold Shipman going over my notes with a mischievous glint in his eye	28554386	politifact15401	2
That would require some shred of compassion / empathy / decency / love.	793902637733146624	politifact15401	1
Which he has absolutely none of.	2420158367	politifact15401	2
Like, pathologically doesn't have any. Like a pyschopath. His life is duping marks and enriching himself and his own. Come on Mueller.	16082694	politifact15401	0
Or she told him to keep his sorry ass away!! 	790626212183994368	politifact15401	1
I think she's faking it just to get a week away from him.	19655776	politifact15401	2
"Might I suggest she go to the flu containment ward and start giving out free kisses?

#anythingtostayawayfromhim"	47165379	politifact15401	1
Everyone criticizes drumpf for golfing on Mothers' Day. Why had no one considered that was his gift to her-- not being around?	179323177	politifact15401	2
Donald forced her to pee on him a lot and now she is paying the price	2785323911	politifact15401	2
lol	2785323911	politifact15401	1
Too bad poor sick children and elderly don't have the means to pay for the same predicament.	3997474157	politifact15401	2
Not expecting the Yammering Yam to be by her bedside, or even send flowers. He couldn't even mention her (or the two other mothers of Trump spawn) on Mother's Day. Hope it goes well for her.	16533354	politifact15401	2
I just do not care.	5814622	politifact15401	0
Turns out consuming too much bullshit is bad for your kidneys.	806686138438217728	politifact15401	2
While Trump stays at WH.	2196027312	politifact15401	2
"All you bastards who are making fun of Melania right now yet we say something about shitty McCain you guys have a fit. 
#Hypocrits Melania hasn't killed anyone yet McCain is responsible for 10s of thousands. 

I'll pray our beautiful first lady feels better soon"	752656353387089920	politifact15401	0
any health matter related to our kidneys can be painful..get better	2433961651	politifact15401	0
What I'm hearing is she was caught trying to escape and now has to do a week in the box...	34120701	politifact15401	0
And where is Drumpf? Golfing??	1278234811	politifact15401	2
And Trump remained at the White House while she underwent surgery?!?!?! Moron.	976868875	politifact15401	2
I hope she gets best soon!	803658334737932290	politifact15401	1
Well that hep C thing is real. Donald giving you a kidney?  Oh his messed up too.	923739475	politifact15401	2
Our vision is to serve military families and our nation's active duty, returning war heroes, veterans and our Nation's leaders. This Walter Reed?	777568791626645504	politifact15401	0
Who cares?	813675402	politifact15401	2
Wow this is serious surgery! 	241391691	politifact15401	2
Bullshit	138917150	politifact15401	1
Not remotely surprised one bit. Haven't u been watching and listening to that jerk all this time?	1653547458	politifact15401	0
What is all that information about her clothes and Be Best and planning a dinner doing in a story about a medical procedure?! That's...bizarre.	878391270711975936	politifact15401	2
I thought so too, she planned a dinner and copied from obamas!	17264528	politifact15401	2
I hope she gets better quickly, but if it was anyone else they would get 23 hrs. in the hospital and the boot.	3152983690	politifact15401	2
Really  Michelle went for plastic surgery and her ass is still big and the mole is still there beside her	64411046	politifact15401	2
Absolutely distasteful and not necessary. Have some respect.	754933284149354497	politifact15401	0
Did you mean brain surgery?	809509456568422400	politifact15401	2
Best, most affordable (or even FREE) Healthcare in the entire nation goes to our overpaid, under performing politicians and their families. Hooray!! #politicians #the1percent	19170490	politifact15401	0
TY for posting this, didn't know. Well wishes & prayers to Melania. Godspeed.	760613481313890305	politifact15401	2
She is the first US first lady to undergo such a serious medical procedure while in the White House since Nancy Reagan had a mastectomy in October 1987. Rosalynn Carter underwent surgery to remove a benign lump from her breast in April 1977.	822791641396289536	politifact15401	2
"Hubby to busy to go with her. Hmmm. Did you take a look at his blank schedule for today? 

Meanwhile - I wish Melania well and that she has a speedy and full recovery.

The sooner we get these criminals out of our government the better we and the world will be,"	714720425801084930	politifact15401	2
The sooner you block you, the sooner i won't ever have to talk to you again. You are obviously a hateful spiteful person.Good bye ED	822791641396289536	politifact15401	0
Rotten people say despicable things. Yes isn't it GREAT Obama and his band of thieves have left the White House. Only took him 8 years to ruin America ..so much, hate, violence, lawlessness , racism. You've been drinking too much of the Obama Kool Aid. #AmericaIsSaferWithoutObama	824762287433019393	politifact15401	0
Wonder if she took invokana for phyrusus or whaterver that gave my brother kidney cancer. Twice.	995716387007008772	politifact15401	2
Probably just wanted to get a break from fathead 	783469490	politifact15401	1
And Reid has pancreatic cancer.... in other news	728222719356047361	politifact15401	2
Praying for #FLOTUS for speedy recovery 	913539750149070849	politifact15401	0
Prayers going up for her for speedy healing.	210656743	politifact15401	0
Lord watch over her,hope she's okay..	903659930720329729	politifact15401	0
Safe and speedy recovery	815257954773508096	politifact15401	0
Oh no!! Pray for our dear First Lady!! May she have a smooth safe surgery	17148456	politifact15401	1
Prayers for her full and speedy recovery.	869772987511169025	politifact15401	0
 for a full and speedy recovery.	41830267	politifact15401	0
Godspeed on healing.	946430169840881664	politifact15401	0
Ohhhh nooooo. Get well prayers!	3397615899	politifact15401	0
Prayers and best wishes to her for a speedy and full recovery. God bless her!	872087519201968128	politifact15401	0
"Oh no. Expect a serious investigation into the cause of this.  Trump will go berserk.

If this was a chess move by the evil ones, it's on.

All timetables accelerated."	748573099717595136	politifact15401	0
Prayers for our beautiful First Lady!	785600553610981380	politifact15401	2
That's a horrible headline for Trump. What kind of husband is not at hospital while his wife is in surgery? He spends enough time at the golf course away from work, surely he could have been there. Prayers for a speedy recovery for Melania.	247138147	politifact15401	2
Prayers for flint Michigan kids	794274900	politifact15401	1
You should be praying for John MCCAIN .Who care about Maleni	184169585	politifact15401	2
I wish her God's protection and speedy recovery.	1414780789	politifact15401	0
A vacation from Donnie! Sounds like a plan.	26414624	politifact15401	0
See Donna you can be nice	98787272	politifact15401	1
I hope all goes well for her	116225829	politifact15401	1
Hm that dummy she lives with giving her kidney stones?	780604524113240065	politifact15401	2
Our prayers and thoughts go out for Melania Trump	805564345249918977	politifact15401	2
Dear first Lady. Sorry you're  I'll, but, it's to be expected. Donald Trump is toxic, and when you get out of hospital, keep going, don't look back. He's  killing you, like he's killing America. Run, run Melania. RUN!!	2566442797	politifact15401	0
No sad for the gold-digging bigoted rich white birther lady.	70493517	politifact15401	2
Kind comment - thank you	4838572798	politifact15401	2
I feel the same way her husband has taken our health care and see gets for free.	908879246277382144	politifact15401	2
About time. I guess this is what needed for the Left to show Compassion?	1040337955	politifact15401	2
And what is needed for the right?	813808132547715074	politifact15401	2
...and Prayers for America because Trump is Gutting her of her soul.	991810566	politifact15401	0
She will do anything to stay away from DT... lol. But wishes for a speedy recovery, be best.	2572673312	politifact15401	2
Sending her good vibes.	560647751	politifact15401	0
I wish her well...did she know her husband's decision killed over 50 people today in Israel alone?	827951465926889472	politifact15401	2
Best wishes to Melania here's to a speedy recovery.	24417059	politifact15401	0
Stunning the POTUS didn't accompany Melania to the hospital. Was that his choice or hers?	24417059	politifact15401	2
Feel better soon!!!	776664226857385984	politifact15401	0
:O Hope she's alright.	466822109	politifact15401	2
The whole will be praying for her	290076442	politifact15401	1
Her Husband Is Trying To Kill Her ! ! !	862015052	politifact15401	0
All we did was remove the Individual Mandate. That was a GOOD thing.	954888238627352576	politifact15401	2
Oh is that what they call botox now?	851167948094005248	politifact15401	2
Lies are really bad for kidneys apparently.	46006485	politifact15401	2
"Guess what CNN the name is ""First Lady Melania Trump"" not just Melania Trump. Stop showing disrespect for her. You are such a sorry news media."	21656178	politifact15401	0
If only all of us could have medical care.  Only!	898298608558145536	politifact15401	0
Not many people get to stay 5 or 6 days in the hospital recovering from surgery. Most are out patient or 2 days. Even a Caesarean is only 2 or 3 days.	39682156	politifact15401	0
I see she has no issue with her health coverage..	455995711	politifact15401	0
Indeed,..if it was related to kidney stones that is Definitely not fun. Blessings and wishes for a speedy recovery.	787076591109206016	politifact15401	0
let's start talking bets on who visits her first - donald john or the obamas. (my money is on michelle)	27733550	politifact15401	2
Why does this sound a bit suspicious?	634920177	politifact15401	1
Oh my God! How much is that costing taxpayers?	1961254080	politifact15401	2
Hope she recovers soon, even if she is married to Donald, nobody deserves health troubles, plus reports are coming out saying she doesn't agree with her husband's political decisions most of the time	894337648117956608	politifact15401	0
I remember when Hillary had pneumonia....is Melania healthy to be First Lady?????	20288857	politifact15401	0
Kelly Sadler is putting together a tight 15 on this for her new Netflx special	7137562	politifact15401	1
She may recover more comfortably at her parents' house.	818641629036900352	politifact15401	0
She drank too much of the Kool-Aid	123986347	politifact15401	2
"Kidney pain is basically torture, no joke. I can't stand that woman, but I don't wish that on anyone. 

I just wish everyone here could get the same level of care as she is right now. Hell, I'd settle for half of that. "	1042341	politifact15401	2
Thoughts and prayers....useless, but polite.	2800772266	politifact15401	0
Maybe she can get a private room for a few days and have a break from the White House?	409824643	politifact15401	2
Don't be silly, she lives in NYC, not the White House 	1373449044	politifact15401	2
Stress. Getting to her.	15232292	politifact15401	0
either stress. or alcohol. at least there is nothing else for it but to drink - with this husband and this family... but i'm with CM. i hope she recovers soon. trump meshpoke or not. no one deserves this.	346057696	politifact15401	2
on no other news service	885161611106844673	politifact15401	1
Is it bad that my first thought is: ah is that how they call a nose job now..	825540755854757889	politifact15401	2
"poisoning attempt,

who knows how many others there have been,
these deep state globalists need to be cleansed from the earth
asap"	934562774272811008	politifact15401	0
Bot	5571722	politifact15401	1
Nut	399065347	politifact15401	1
Not my fault you flunked http://botcheck.me , Semyon. Bye shithole	5571722	politifact15401	0
Yes lol bless his heart	2258931420	politifact15401	2
I really hope shes ok.	41451254	politifact15401	0
"#GetWell
#FirstLady"	213643565	politifact15401	2
Get well soon.	246531506	politifact15401	0
If Kimmel makes one disparaging remark about this, he needs to be fired publicly or anyone else for that matter!	966165845071233024	politifact15401	0
"STDs can cause kidney issues.

#justsaying"	875375652060282880	politifact15401	0
OMFG!!! 	767783347124711424	politifact15401	2
Lol...well??!!!	875375652060282880	politifact15401	0
I know!!!! 	767783347124711424	politifact15401	1
Prayers	865022359899709441	politifact15401	1
Meanwhile the orange one played 18 holes.	712604694	politifact15401	0
Wives come and go; golf is only there in nice weather.	820876745675075584	politifact15401	0
DJP, your right on. I think maybe you should write for Chinese fortune cookies.	712604694	politifact15401	0
LOL!!!  Special set of fortune cookies for the 71 year old narcissistic infant!!!	820876745675075584	politifact15401	2
I need her kidneys healthy! For... Things...	992590333560082434	politifact15401	0
DA; for... things...  Da.	820876745675075584	politifact15401	0
Goodbye!	1439508630	politifact14270	1
Though, I do admit to being VERY jealous... ;-)	2847521060	politifact14270	2
That's fun... He deserves a good adventure...	2847521060	politifact14270	0
Ahhh hell, get me off this planet please!	1078088604	politifact14270	2
i would too	771401308448362496	politifact14270	1
lucky mars	2320488392	politifact14270	1
if he goes, at least he will finally help reduce his incredibly big carbon footprint	228529063	politifact14270	2
All that heat might be dangerous for the shuttle...	3319095307	politifact14270	0
Excellent! Hope it's leaving tomorrow. That idiot's not going anywhere. All talk.	1964909868	politifact14270	2
good riddence to bad CIA rubbish	2691710858	politifact14270	1
And Twix, Snickers and...God I bored myself there.	26755570	politifact14270	2
"Just give the UN the guns, and let them fight it out! A shot would never be fired. 
If the world's children couldn't be coaxed into a war... We would have none!
Like I said Let Them Fight It Out!

Better yet let's arm nothing but politicians of all countries! Let them have at it"	230329703	politifact15512	0
The Pope needs to limit his intellect to mythical topics.	512868155	politifact15512	0
Fake news. The Pope did not call for any confiscation. Grow a brain please.	1115596490	politifact15512	0
I Beleave in God But have no respect for man that defends pedophilia programs, changers GODs Words. He needs to stick to scripture & strolls not politics causing harm & slavery around the world.  Remember, Heaven on Earth. WTF does he think he Is ? GOD, Sorry,  HE's NOT he a man	823082907585515522	politifact15512	2
I call for world wide ban on over populating the world.	2580382098	politifact15512	2
I guess we will be getting an Agenda 2030 part B ..... 	724716039712329728	politifact15512	0
Even in NSW a gun amnesty from July 1st SOON we will have nothing to protect ourselves with .while the crims have guns and the muslims carry knives ,ozzi is now fucked.	168116564	politifact15512	0
Buy a bigger knife Chris.	512868155	politifact15512	0
Yeah, right...  10 Hail Marys.	20925446	politifact15512	0
Remove the walls and disarm the Vatican first until then any attempt to disarm the USA will be delt with extreme prejudice #SecondAmendment	516635709	politifact15512	0
No disrespect to the left leaning Pope but HELL NO! People are the problem not guns. Take them away then other ways of killing people will increase. There is evil in the world & decent people need the ability to be able to protect themselves from it. #2A #NRA	79939817	politifact15512	2
Hopefully he keeps his word and retires.	733001431498805248	politifact15512	2
 NO !	783192608	politifact15512	1
Come and take them.	3039089430	politifact15512	0
"This pope is evil.  Ever since he became the ""Pope"" he has went against what we all have been taught growing up."	951223943276277760	politifact15512	0
"Not My Pope!
That devil will get his day!"	29967056	politifact15512	2
And his Swiss Guards..?	816374747919360000	politifact15512	0
Let's guess if he's giving up his private armed security.	745371052230877184	politifact15512	2
His private army giving up there guns  I think not	19834504	politifact15512	2
The wall is there to cover up the pedi ring	274074181	politifact15512	1
At times like these I'm glad I'm Christian and not Catholic.	297057022	politifact15512	0
You said it!	745371052230877184	politifact15512	2
I like this idea better. How about if we shut down the perverted Catholic church for crimes against humanity and paedophilia, and arrest and lock up all these perverts that are destroying children's lives. #TimePhoneHack the Catholic church.	972946585280638976	politifact15512	2
#BlackPopenotmyPope	18175352	politifact15512	2
"The WaPo reporter also does not have the best ""track record"" just based on who she works for.Roy Moore's accusers therefore should speak for themselves."	718879123993534465	politifact14749	0
She looks like a lying bitch.	703042911101968385	politifact14749	2
#leftReachesNewLow	844266685	politifact14749	1
A leftist that will pay for and work with rhinos in collusion to undermine a Conservative candidate can you say Russian dossier	806286631678447617	politifact14749	0
What a shocker!	34339467	politifact14749	1
#FakeNews Potus said not to,trust MSM another example #MooreSenate	2244103856	politifact14749	2
Liar paid well to tell the lies.	927712047617409024	politifact14749	0
I bet she knows Lisa Bloom or Gloria Allred.	3669275308	politifact14749	2
I'll make up something for 500	1163835008	politifact14749	1
Just another shining example of the Fake It to Make it group! #diditreallyhappen	755717993427046400	politifact14749	2
FOLLOW HER MONEY	19937107	politifact14749	1
Fake News Alert!!!!	246331383	politifact14749	0
VERY true. There is a special place in hell for predators like Roy Moore. I hope he gets jailed.	4288301801	politifact14749	0
"Wow, using a ""source"" that is rated as Far Right Propaganda.
Not looking too smart there Tania.
But, if being pulled by the nose is your thing....have fun"	852958332	politifact14749	0
NOPE ... You posted a #FakeNews website .. Try again LIGHTWEIGHT !!	819728862489755648	politifact14749	2
What the hell, abolish them all, make the democrats happy.	888839328364933122	politifact14749	2
"Right ... ever heard of something called ""personal responsibility""? Your party used to value that. Spare us the phony victim card, OK?"	18950944	politifact14749	0
This just gets curiouser and curiouser	28033842	politifact14749	0
OMG! She bounced a check?!? Lock her up! Lock her up! 	796103028478791680	politifact14749	2
Their mouths are moving, you know what that means.	197962615	politifact14749	2
Lock her up	905869350279766018	politifact14749	2
Surprised Not!	4840937793	politifact14749	1
"I picked up on that too, ""He asked me for my number..."" girls in '79 didn't have telephones."	539578537	politifact14749	0
I knew it was y. I don't buy any of it!	110751546	politifact14749	2
No surprise	888716328273686528	politifact14749	1
Surprise surprise	802999064442740736	politifact14749	1
WaPo has been caught lying frequently over the past several years	1145400012	politifact14749	2
Stephanie    ---the real  fake alligator   does it a gain.  Anmd the damn  computer won't let me spell   ALLEGATOR.      fANG	2323783152	politifact14749	0
"Yeah....as a 32 year old he ""dated"" 16 year olds....Sean Hannity's interview should have effectively ENDED Roy Moore's Senate run..."	927902193759305731	politifact14749	0
"""Out of his customary behavior?"".... he's guilty....game over...."	927902193759305731	politifact14749	0
Admits he dated teenage girls (14-16) as an adult....(30+).....not acceptable.....	927902193759305731	politifact14749	0
"Yeah.....um....watch the Hannity interview earlier today....""dated"" 14-16 year olds in his 30's......and multiple witnesses who were willing to speak on the record?"	927902193759305731	politifact14749	2
'POS' !!!!!!!!!!! SHE SHOULD BE BRAINWASHED !!!!!!!	747270848	politifact14749	2
You are spreading #RUSSIAN Propaganda to help get a Child Molester elected to the U.S. Senate.	480875170	politifact14749	0
That was a requirement on the resume.  Number 1 discriminator on the job req.	4700833512	politifact14749	2
You just had to know this came out of the demorat rot bag== when.wacko wapo is the story teller it is always horse manure	3107822628	politifact14749	2
Of course!	874714596	politifact14749	1
Ideal WaPo employee.	3300913908	politifact14749	0
 Dirty Dims...it fits.	206426068	politifact14749	0
How is she still a reporter	59024196	politifact14749	1
She looks very sneaky.	3968865322	politifact14749	2
Fact: Every legislation giving equal rights in America was republican sponsored.	85493224	politifact14991	0
NO MORE GOD DAM KENNEDY'S, BUSH'S, CLINTONS OR OBAMAS!  WE HAVE HAD ENOUGH.	758488562509635584	politifact14991	0
Everyone makes mistakes now and then.	414376765	politifact14991	0
I am glad you are to admit it. Have a good day.	859915567574245378	politifact14991	0
Derp.	737474932607614977	politifact14991	2
???	735716328040865792	politifact14991	0
I wish someone would burp him properly after a feed	1552815410	politifact14991	1
I'm French and Portuguese from Fall River Mass. We didn't found the place we were immigrants.	865454384381009924	politifact14991	0
Well, drool me a river!	532036852	politifact14991	2
English immigrants? Or at least the descendants of English immigrants that came here legally- ie there were no laws against the way they came	28239343	politifact14991	2
Yeah, Colonists were not immigrants and they built that town in 1600 long before the USA even existed.	532457531	politifact14991	0
This Drooler is not interested in the Truth!	134703096	politifact14991	2
"That would be the ""Lizzy Borden"" family! Can you imagine, A Kennedy, A murder, and a body of water, with a bridge, and this is the visual for the Democrats. Not Smart!!"	579221658	politifact14991	0
Being democrat means lie, lie, lie!!!!!	895366885356838912	politifact14991	0
Democrats can say and make there statements and lies and the liberal bias mainstream media will get onboard	989787440	politifact14991	2
These Americans shouldn't have to pay for anything 	805979244270534657	politifact14500	1
it's from a satirical/fake news site. Not true.	81713857	politifact14500	0
I have not seen any other reference to this.	821121609259958272	politifact14500	0
This woman truly a mental case.Every American needs to see what she will do for a buck. So corrupt. RT RT RT RT RT & this is showing love.	782379028279943169	politifact14500	0
If it's true, it's very believable	738551881337688064	politifact14500	2
it's probably why they took them in the first place, pawns	532603860	politifact14818	2
For those of you screeching ENTITLEMENT THAT CAN NEVER BE REDUCED, existing law and SCOTUS precedent makes you look like an imbecile.	7227662	politifact3428	2
Also, there's no savings account that contains money you have paid into Soc. Sec. The current taxes go to pay the current payees. Period.	7227662	politifact3428	0
crooked impeached attorney general. Birds of a feather	765914444073500672	politifact10533	0
